"Num","Title","Name_journal","Year","Topics","Microbiome_type","Dust_collector","Multiple_collectors","Height_m","Days","Allergy","Environmental_determinants","Environ_specify","Multiple_Countries","Country","Study_Design","Causality","Determinant","Determinant_specify","Outcome","Outcome_specify","Other_sampler","Causal_statements","Variable_selection","Building","Collector_comparison","Raw_sequences","Sequence_access_instructions","Sequencing_bacteria","Sequencing_fungi","Citation_key"
1,"Associations between environmental characteristics, high-resolution indoor microbiome, metabolome and allergic and non-allergic rhinitis symptoms for junior high school students","Environmental Science: Processes & Impacts",2023,"Microbiome, environment and allergy","Bacterial and Fungal","vacuum","No",NA,NA,"Yes","Yes","urbanicity, outdoor PM10, indoor CO2, humidity, formaldehyde, mite allergen, cockroach allergen","No","Malaysia","Cross-sectional","Causal","microbiome","richness, abundance(taxa)","allergies","allergic rhinitis, non-allergic rhinitis",NA,"Yes","Historical confounder","store","No","Yes","The raw sequence data were deposited in the Genome Sequence Archive with accession numbers CRA002825 and CRA002876. https://bigd.big.ac.cn/gsa/.",NA,NA,"fu2023a"
2,"Association of indoor dust microbiota with cognitive function and behavior in preschool-aged children","Microbiome",2023,"Microbiome and environment","Bacterial and Fungal","petri","No",2,43,"No","Yes","smoking, urbanicity, season, household members, pets, ventilation, temperature outdoor","No","Belgium","Cohort","Causal","microbiome","richness, diversity","neurologic","behavioral, cognitive function",NA,"Yes","Historical confounder","dwelling","No","No",NA,NA,NA,"dockx2023a"
3,"Composition of Culturable Microorganisms in Dusts Collected from Sport Facilities in Finland during the COVID-19 Pandemic.","Pathogens",2023,"Microbiome only","Bacterial and Fungal","petri","No",1.85,21,"No","Yes","urbanicity, age of building, ventilation","No","Finland","Case-control","Descriptive",NA,NA,NA,NA,NA,"No","Not applicable","sport","No","No",NA,NA,NA,"andersson2023a"
4,"Dynamics of Microbial Community and Potential Microbial Pollutants in Shopping Malls","mSystems",2023,"Microbiome and environment","Bacterial and Fungal","swab","No",0,NA,"No","Yes","season, location in building","No","China","Cross-sectional","Descriptive",NA,NA,NA,NA,NA,"No","Not applicable","store","No","Yes","The raw amplicon sequences were submitted to the Sequence Read Archive (SRA) under accession no. PRJNA707496. All full-length sequences of 16S rRNA genes and the genome assemblies of Enterobacteriaceae species were deposited under GenBank no. MZ461606–MZ461903 and SRA accession no. PRJNA749475, respectively.",NA,NA,"an2023a"
5,"Microfiber-loaded bacterial community in indoor fallout and air-conditioner filter dust","Science of the Total Environment",2023,"Microbiome and environment","Bacterial and Fungal","vacuum","No",0,NA,"No","Yes","location in building","No","China","Cross-sectional","Descriptive",NA,NA,NA,NA,NA,"No","Not applicable","dwelling","Yes","No",NA,NA,NA,"chen2023a"
6,"Indoor microbiome, microbial and plant metabolites, chemical compounds, and asthma symptoms in junior high school students a multicentre association study in Malaysia.","European Respiratory Journal",2022,"Microbiome, environment and allergy","Bacterial and Fungal","vacuum, other","Yes",NA,NA,"Yes","Yes","humidity, indoor CO2, indoor NO2, ambient chemical compounds, temperature","No","Malaysia","Cross-sectional","Causal","allergies","high/low wheezing school","ambient metabolites","microbial taxa, ambient metabolites","metal spoon scooping of blackboard frame","No","Not applicable","school","No","Yes","Raw sequence data were deposited in the QIITA microbial study management platform (https://qiita.ucsd.edu; 12875) and the Genome Sequence Archive (https://ngdc.cncb.ac.cn/gsa; CRA002825, CRA002876, CRA005646 and CRA005647)",NA,NA,"sun2022a"
7,"Indoor microbiome, air pollutants and asthma, rhinitis and eczema in preschool children - A repeated cross-sectional study","Environment International",2022,"Microbiome, environment and allergy","Bacterial and Fungal","vacuum","No",NA,NA,"Yes","Yes","age of building, plants in building, recent renovation, curtains, natural ventilation, outdoor PM10, outdoor NO2, outdoor SO2, green spaces","No","China","Cross-sectional","Causal","environmental","age of building, plants in classroom, recent renovation, curtains, natural ventilation, average outdoor pollution (PM10, NO2, SO2), green spaces","microbiome, allergies","richness and diversity; asthma, rhinitis and eczema",NA,"Yes","p-value or model-based","school","No","Yes","The FASTQ formatted raw sequence data were deposited in the European Nucleotide Archive (ENA) at EMBL-EBI under accession number PRJEB46207",NA,NA,"sun2022b"
8,"Determinants of bacterial and fungal microbiota in Finnish home dust: Impact of environmental biodiversity, pets, and occupants","Frontiers in Microbiology",2022,"Microbiome and environment","Bacterial and Fungal","petri","No",1.7,28,"No","Yes","season, housing type, size of indoor environment, location in building, building material, ventilation, pets, cleaning habits, land use, biodiversity of forests nearby, number of inhabitants","No","Finland","Cohort","Descriptive",NA,NA,NA,NA,NA,"Yes","Uninformed","dwelling","No","Yes","The data presented in the study are deposited in the NCBI repository, accession number PRJNA892469.","16S V4 (illumina MiSeq)","ITS1 (illumina MiSeq)","hickman2022a"
9,"Associations between species-level indoor microbiome, environmental characteristics, and asthma in junior high schools of Terengganu, Malaysia","Air Quality, Atmosphere & Health",2021,"Microbiome, environment and allergy","Bacterial and Fungal","vacuum","No",NA,NA,"Yes","Yes","urbanicity, visible mold, indoor CO2, humidity, formaldehyde, indoor NO2, outdoor NO2, mite allergen, cockroach allergen","No","Malaysia","Cross-sectional","Causal","environmental, microbiome","environmental (see column Q); microbial richness and diversity","microbiome, allergies","asthma-associated taxa; ever-having asthma",NA,"Yes","Historical confounder","school","No","Yes","The raw sequence data were deposited in the Genome Sequence Archive with accession numbers CRA002825 and CRA002876.",NA,NA,"fu2022a"
10,"Indoor green can modify the indoor dust microbial communities","Indoor Air",2022,"Microbiome and environment","Bacterial and Fungal","petri","No",2,49,"No","Yes","household members, open kitchen connected to the living room, size of indoor environment, pets, cat, dog, rabbit, hamster, guinea pig, indoor plants, type of ventilation, black carbon, temperature","No","Finland","Cross-sectional","Descriptive",NA,NA,NA,NA,NA,"Yes","Historical confounder","dwelling","No","No",NA,NA,NA,"dockx2022a"
11,"Widespread of Potential Pathogen-Derived Extracellular Vesicles Carrying Antibiotic Resistance Genes in Indoor Dust.","Environmental science & technology",2022,"Microbiome only","Bacterial, Fungal and other","vacuum","No",NA,NA,"No","No",NA,"No","China","Cross-sectional","Descriptive",NA,NA,NA,NA,NA,"No","Not applicable","restaurant, school, dwelling, vehicle","No","No",NA,NA,NA,"qin2022a"
12,"Rural environment reduces allergic inflammation by modulating the gut microbiota","Gut Microbes",2022,"Microbiome, environment and allergy","Bacterial and Fungal","vacuum","No",NA,28,"Yes","Yes","urbanicity, farm dust microbiome","Yes","India, China, Russia","Case-control","Causal","urbanicity","rural vs urban","allergies",NA,NA,"Yes","Historical confounder","dwelling","No","Yes","The dataset supporting the conclusions of this article is available in the Sequence Read Archive (SRA) with the accession code PRJNA786015. Contaminant sequence reads from human in metagenomic libraries were identified and filtered using KneadData (v0.10.0) before deposition.",NA,NA,"yang2022a"
13,"Skin microbiota interact with microbes on office surfaces","Environment International",2022,"Microbiome and environment","Bacterial and Fungal","swab","No",NA,7,"No","No",NA,"No","China","Cross-sectional","Causal","human interaction","microbial composition of human skin","microbiome","micobial composition of office surfaves (keyboard, mouse, workstation).",NA,"Yes","Confounding seldom considered","office","No","Yes","Sequencing data for this study are openly accessible at the Science Data Bank using the following links for bacteria (https://www.doi.org/10.11922/sciencedb.01595) and fungi (https://resolve.pid21.cn/31253.11.sciencedb.01595).",NA,NA,"li2022a"
14,"Residential bacteria and fungi identified by high-throughput sequencing and childhood respiratory health","Environmental Research",2022,"Microbiome and allergy","Bacterial and Fungal","vacuum","No",0,NA,"Yes","Yes","mold, moisture, pets, cleaning, ventilation, humidity, cockroaches, mites, rodents","No","USA","Cohort","Causal","microbiome",NA,"allergies","asthma (well-documented by airway reversibility and medical history)",NA,"Yes","DAG","dwelling","No","No",NA,NA,NA,"cox2022a"
15,"Characteristics of annual mold variations and association with childhood allergic symptoms/diseases via combining surveys and home visit measurements","Indoor Air",2022,"Microbiome and allergy","Fungal","active-sampler","No",1.1,0,"Yes","Yes","season, temperature, humidity, dampness, mold, indoor CO2","No","China","Case-control","Causal","microbiome","indoor fungal concentration","allergies","asthma, wheeze, rhinitis, eczema","Six-stage Andersen sampler at flow rate 28.3 L/min","Yes","Historical confounder","dwelling","No","No",NA,NA,NA,"du2022a"
16,"Season, Vegetation Proximity and Building Age Shape the Indoor Fungal Communities' Composition at City-Scale","Journal of Fungi",2022,"Microbiome and environment","Fungal","EDC","No",1.4,70,"No","Yes","age of building, altitude, proximity to green areas, distance to water, density of buildings, density of roads, season","No","Switzerland","Cross-sectional","Descriptive",NA,NA,NA,"ecczema (early life)",NA,"Yes","Uninformed","dwelling","No","No",NA,NA,NA,"niculita-hirzel2022a"
17,"Insights into the Profile of the Human Expiratory Microbiota and Its Associations with Indoor Microbiotas","Environmental science & technology",2022,"Microbiome and environment","Bacterial and Fungal","vacuum, swab, active-sampler","Yes",1.1,0,"No","Yes","outdoor microbiome","No","China","Cross-sectional","Descriptive",NA,NA,NA,NA,NA,"Yes","Confounding seldom considered","dwelling","No","Yes","The rDNA sequences were uploaded into the National Center for Biotechnology Information with the accession number PRJNA793288.",NA,NA,"zhang2022a"
18,"Spread of antibiotic resistance genes and microbiota in airborne particulate matter, dust, and human airways in the urban hospital","Environment International",2021,"Microbiome only","Bacterial","other, active-sampler","Yes",NA,0,"No","No",NA,"No","China","Case-control","Descriptive",NA,NA,NA,NA,"Besides active air sampling: Dust was daily collected from smooth window ledges, railings, and wooden beams by the overhangs of indoor and outdoor settings using a clean sterile brush","No","Not applicable","hospital","Yes","No",NA,NA,NA,"zhou2021a"
19,"Derived habitats of indoor microbes are associated with asthma symptoms in Chinese university dormitories","Environmental Research",2021,"Microbiome, environment and allergy","Bacterial","vacuum, petri","Yes",1.2,7,"Yes","Yes","age of building, floor level, floor material, wall surface type, plants in room, net weight of vacuumed dust as indicator of cleaning habits, indoor CO2, indoor PM2.5, curtains size, roof type, ratio of window to floor area, dampness, mold, cleaning frequency, cleaning method","No","China","Cross-sectional","Causal","microbiome","abundance (genus)/diversity","allergies","asthma symptoms",NA,"Yes","Historical confounder","dwelling","Yes","Yes","Sequencing data were deposited in Qiita with study ID 12841 (https://qiita.ucsd.edu/study/description/12841).","16S V3-V4 (illumina MiSeq)",NA,"fu2021a"
20,"Associations between dog keeping and indoor dust microbiota","Scientific Reports",2021,"Microbiome and environment","Bacterial and Fungal","vacuum","No",0,NA,"No","Yes","dog, season","Yes","Finland, Germany","Cohort","Causal","dog","dog ownership","microbiome","microbial richness and diversity",NA,"Yes","Historical confounder","dwelling","No","Yes","All sequencing data used in this study in LUKAS2 is available at the https://www.ebi.ac.uk/ena/data/view/PRJEB 29081  website.",NA,NA,"maeki2021a"
21,"Association between indoor microbiome exposure and sick building syndrome (SBS) in junior high schools of Johor Bahru, Malaysia","Science of the Total Environment",2021,"Microbiome, environment and allergy","Bacterial and Fungal","vacuum","No",NA,NA,"Yes","Yes","indoor relative humidity, indoor CO2, mold, dampness, outdoor NO2, age of building","No","Malaysia","Cross-sectional","Causal","microbiome","diversity, abundance","sick building syndrome","a collection of nonspeciﬁc symptoms including eye, nose and throat irritation, mental fatigue, headaches, nausea, dizziness, and skin irritations, which seem to be linked with occupancy of certain workplaces",NA,"Yes","Historical confounder","school","No","No",NA,NA,NA,"fu2021b"
22,"Indoor air quality assessment in dwellings with different ventilation strategies in Nunavik and impacts on bacterial and fungal microbiota","Indoor Air",2021,"Microbiome and environment","Bacterial and Fungal","vacuum, active-sampler","Yes",NA,0,"No","Yes","temperature, humidity, number of occupants, pets, mold","No","Canada","Experimental","Causal","type of ventilation","three ventilation strategies (without mechanical ventilators, with heat recovery ventilators, 
and with energy recovery ventilators)","microbiome","microbial compositon",NA,"Yes","Confounding seldom considered","dwelling","Yes","No",NA,NA,NA,"degois2021a"
23,"Altered microbiomes in thirdhand smoke-exposed children and their home environments","Pediatric Research",2021,"Microbiome and environment","Bacterial","swab","No",NA,NA,"No","Yes","smoking","No","USA","Cross-sectional","Causal","smoking","third-hand smoke in household","microbiome","diversity",NA,"Yes","Confounding seldom considered","dwelling","No","Yes","The raw 16S rRNA sequences were uploaded to The European Nucleotide Archive (ENA), accession number PRJEB36869.",NA,NA,"kelley2021a"
24,"Associations between the indoor microbiome, environmental characteristics and respiratory infections in junior high school students of Johor Bahru, Malaysia","Environmental Science: Processes & Impacts",2021,"Microbiome and environment","Bacterial and Fungal","vacuum","No",NA,NA,"No","Yes","smoking, age of building, dampness, mold, curtains, humidity, indoor CO2, outdoor NO2, cockroach allergen, mite allergen","No","Malaysia","Cross-sectional","Causal","microbiome","richness and abundance (taxa)","infection","respiratory infections (children)",NA,"Yes","Historical confounder","school","No","Yes","The raw sequence data in FASTQ format were uploaded to the public repository QIITA with accession number 12875 (https://qiita.ucsd.edu/study/description/12875).",NA,NA,"fu2021c"
25,"Household environmental microbiota influences early-life eczema developmen","Environmental Microbiology",2021,"Microbiome, environment and allergy","Bacterial","vacuum","No",NA,NA,"Yes","Yes","pets, cleaning habits, living near expressway","No","Singapore","Case-control","Causal","microbiome","richness and abundance (taxa)","allergies","ecczema (early life)",NA,"Yes","Confounding seldom considered","dwelling","No","Yes","All raw microbiome data are available at NCBI (https://www.ncbi.nlm.nih.gov; Accession No. PRJNA668050).","16S V4-V6 (illumina HiSeq)",NA,"ta2021a"
26,"Residential green space can shape the indoor microbial environment","Environmental Research",2021,"Microbiome and environment","Bacterial and Fungal","petri","No",2,42,"No","Yes","residential green space, pets, ventilation, black carbon, temperature outdoor","No","Belgium","Cross-sectional","Causal","environment","green spaces","microbiome","diversity, abundance",NA,"Yes","Historical confounder","dwelling","No","No",NA,NA,NA,"dockx2021a"
27,"Microbial diversity in homes and the risk of allergic rhinitis and inhalant atopy in two European birth cohorts","Environmental Research",2021,"Microbiome and allergy","Bacterial and Fungal","vacuum","No",0,NA,"Yes","Yes","tobacco exposure, pets, building structure, mold, moisture, urbanicity","Yes","Finland, Germany","Cross-sectional","Causal","microbiome","richness and diversity","allergies","atopy, allergic rhinitis",NA,"Yes","beta-coefficient","dwelling","No","No",NA,"16S V4 (illumina MiSeq)","ITS1 (illumina MiSeq)","hyytiaeinen2021a"
28,"The mycobiomes and bacteriomes of sputum, saliva, and home dust","Indoor Air",2021,"Microbiome, environment and allergy","Bacterial and Fungal","other","No",NA,NA,"Yes","Yes","traffic air pollution","No","USA","Cross-sectional","Descriptive",NA,NA,NA,NA,"wipe","No","Not applicable","dwelling","No","No",NA,NA,NA,"niemeier-walsh2021a"
29,"Analysing indoor mycobiomes through a large-scale citizen science study in Norway","Molecular Ecology",2021,"Microbiome and environment","Fungal","swab","No",2,NA,"No","Yes","building type, urbanicity, age of building, building material, type of ventilation, number of inhabitants, pets, moisture, infestations, other geographical data","No","Norway","Cross-sectional","Descriptive",NA,NA,NA,NA,NA,"Yes","Uninformed","dwelling","No","Yes","The complete resulting data set contained 55,568,124 paired reads and is available on the European Nucleotide Archive (ENA) at EMBL-EBI under accession no. PRJEB42161. Accession numbers for the nine libraries correspond to the BioSamples SAMEA7740226–SAMEA7740234.",NA,NA,"martin-sanchez2021a"
30,"Classroom microbiome, functional pathways and sick-building syndrome (SBS) in urban and rural schools - Potential roles of indoor microbial amino acids and vitamin metabolites","Science of the Total Environment",2021,"Microbiome, environment and allergy","Bacterial, Fungal and other","vacuum","No",NA,NA,"Yes","Yes","smoking, urbanicity","No","China","Cross-sectional","Causal","microbiome","richness, abundance(taxa)","sick building syndrome","a collection of nonspeciﬁc symptoms including eye, nose and throat irritation, mental fatigue, headaches, nausea, dizziness, and skin irritations, which seem to be linked with occupancy of certain workplaces",NA,"Yes","Historical confounder","school","No","Yes","The clean reads were deposited in the Genome Sequence Archive (https://bigd.big.ac.cn/gsa) in National Genomic Data Center with the accession number CRA003476.",NA,NA,"fu2021d"
31,"Bacterial community assemblages in classroom floor dust of 50 public schools in a large city: characterization using 16S rRNA sequences and associations with environmental factors","Microbiome",2021,"Microbiome and environment","Bacterial","vacuum","No",0,NA,"No","Yes","humidity, temperature, dampness, mold, floor material","No","USA","Cross-sectional","Descriptive",NA,NA,NA,NA,NA,"Yes","Uninformed","school","No","Yes","The datasets generated and/or analyzed during the current study are available in the NCBIs sequence read archive database (https://www.ncbi.nlm.nih.gov/sra) and the NCBI BioSample database repository (https://www.ncbi.nlm.nih.gov/biosample). The BioProject ID is PRJNA661085.",NA,NA,"park2021a"
32,"Type 2-high asthma is associated with a specific indoor mycobiome and microbiome","The Journal of Allergy and Clinical Immunology",2021,"Microbiome and allergy","Bacterial and Fungal","EDC","No",1.7,70,"Yes","No",NA,"No","France","Case-control","Causal","microbiome","diversity, abundance","allergies","severe asthma endotype (T2-high vs T2-low)",NA,"Yes","Confounding seldom considered","dwelling","No","Yes","The sequence information has been deposited in the National Center for Biotechnology Information Sequence Read Archive under the accession number PRJNA635002.","16S V3-V4 (illumina MiSeq)","ITS2 (illumina MiSeq)","vandenborght2021a"
33,"Microbial exposures in moisture-damaged schools and associations with respiratory symptoms in students: A multi-country environmental exposure study","Indoor Air",2021,"Microbiome, environment and allergy","Bacterial and Fungal","EDC","No",2,56,"Yes","Yes","moisture","Yes","Netherlands, Finland","Case-control","Causal","microbiome, moisture indicators","diversity, abundance (taxa)","allergies","symptoms asthma and rhinitis",NA,"Yes","Historical confounder","school","No","Yes","Raw fungal and bacterial sequences were deposited in the National Center for Biotechnology Information's Sequence Read Archive under BioProject accession PRJNA635510.","16S V4 (illumina MiSeq)","ITS1 (illumina MiSeq)","adams2021a"
34,"Bioburden in sleeping environments from Portuguese dwellings","Environmental Pollution",2021,"Microbiome only","Bacterial and Fungal","EDC, active-sampler","Yes",NA,15,"No","No",NA,"No","Portugal","Cohort","Causal","sleep","before and after an occupant sleeps in the room","microbiome","microbial compositon",NA,"Yes","Confounding seldom considered","dwelling","No","No",NA,NA,NA,"viegas2021a"
35,"Indoor bacterial, fungal and viral species and functional genes in urban and rural schools in Shanxi Province, China-association with asthma, rhinitis and rhinoconjunctivitis in high school students","Microbiome",2021,"Microbiome, environment and allergy","Bacterial, Fungal and other","vacuum","No",NA,NA,"Yes","Yes","urbanicity, smoking","No","China","Cross-sectional","Causal","microbiome","richness","allergies","asthma, rhinitis",NA,"Yes","Historical confounder","school","No","Yes","The clean reads were deposited in the Genome Sequence Archive (https://bigd.big.ac.cn/gsa) in the National Genomic Data Center with the accession number CRA003476.",NA,NA,"fu2021e"
36,"Associations of observed home dampness and mold with the fungal and bacterial dust microbiomes","Environmental Science: Processes & Impacts",2021,"Microbiome and environment","Bacterial and Fungal","vacuum","No",0,NA,"No","Yes","mold, moisture","No","USA","Cross-sectional","Causal","environment","mold, moisture","microbiome","richness",NA,"Yes","Confounding seldom considered","dwelling","No","No",NA,NA,NA,"cox2021a"
37,"Indoor microbiome, environmental characteristics and asthma among junior high school students in Johor Bahru, Malaysia","Environment International",2020,"Microbiome, environment and allergy","Bacterial and Fungal","vacuum","No",NA,NA,"Yes","Yes","humidity, indoor CO2, outdoor NO2, textile curtain factor, mite allergen, cockroach allergen, age of building, dampness, mold","No","Malaysia","Cross-sectional","Causal","microbiome","taxa","allergies","asthma severity",NA,"Yes","Historical confounder","school","No","Yes","The FASTQ formatted raw sequence data were uploaded in QIITA with accession number 12875 (https://qiita.ucsd.edu/study/description/12875).",NA,NA,"fu2020a"
38,"Metagenomic Characterization of Indoor Dust Bacterial and Fungal Microbiota in Homes of Asthma and Non-asthma Patients Using Next Generation Sequencing","Frontiers in Microbiology",2020,"Microbiome and allergy","Bacterial, Fungal and other","vacuum","No",0,NA,"Yes","No",NA,"No","France","Case-control","Causal","microbiome","diversity","allergies","asthma (household with residents diagnosed with asthma)",NA,"Yes","Confounding seldom considered","dwelling","No","Yes","The 16S and 18S sequencing data have been uploaded at EBI Metagenomics under the accession numbers PRJEB37043 and PRJEB37050 respectively.",NA,NA,"j2020a"
39,"Associations between respiratory infections and bacterial microbiome in student dormitories in Northern China.","Indoor Air",2020,"Microbiome and environment","Bacterial","petri","No",1.2,7,"No","Yes","age of building, floor level, floor material, wall surface type, plants in room, indoor CO2, indoor PM2.5","No","China","Cross-sectional","Causal","microbiome","diversity, abundance (taxa)","infection","respiratory infections",NA,"Yes","Historical confounder","dwelling","No","Yes","Raw data were deposited in Qiita (Qiita.ucsd.edu/) with ID 12 841 (https://qiita.ucsd.edu/study/description/12841)","16S V3-V4 (illumina MiSeq)",NA,"fu2020b"
40,"Modern urbanization has reshaped the bacterial microbiome profiles of house dust in domestic environments","The World Allergy Organization Journal",2020,"Microbiome and environment","Bacterial","vacuum, swab","Yes",NA,NA,"No","Yes","number of inhabitants, pets, urbanicity","Yes","China, Australia","Cross-sectional","Causal","urbanicity","urbanization level","microbiome","richness, diversity",NA,"Yes","Confounding seldom considered","dwelling","Yes","No",NA,NA,NA,"shan2020a"
41,"Bed bugs shape the indoor microbial community composition of infested homes","Science of the Total Environment",2020,"Microbiome and environment","Bacterial","vacuum","No",0,NA,"No","Yes","bug infestation","No","USA","Experimental","Causal","infestation treatment","bug infestation treatment","microbiome","diversity, abundance (taxa)",NA,"Yes","Confounding seldom considered","dwelling","No","Yes","Sequencing data from this study were deposited in the NCBI Sequence Read Archive (SRA) (BioProject ID: PRJNA612706). Weblink: https://dataview.ncbi.nlm.nih.gov/object/PRJNA612706?reviewer=d4hsummpijvl29p7m0kq1qdc8c.",NA,NA,"kakumanu2020a"
42,"Environmental shaping of the bacterial and fungal community in infant bed dust and correlations with the airway microbiota.","Microbiome",2020,"Microbiome and environment","Fungal","vacuum","No",NA,NA,"No","Yes","pets, building type, urbanicity, season","No","Denmark","Cohort","Descriptive",NA,NA,NA,NA,NA,"Yes","Uninformed","dwelling","No","Yes","Sequence Read Archive (SRA) repository under project id PRJNA605085 for bed dust samples (both bacterial and fungal raw sequencing reads)",NA,NA,"gupta2020a"
43,"Indoor Microbiome: Quantification of Exposure and Association with Geographical Location, Meteorological Factors, and Land Use in France","Microorganisms",2020,"Microbiome and environment","Bacterial, Fungal and other","EDC","No",2,60,"No","Yes","climate, temperature, precipitation, land use, geographical location, month of sampling","No","France","Cross-sectional","Descriptive",NA,NA,NA,NA,NA,"Yes","p-value or model-based","dwelling","No","No",NA,NA,NA,"rocchi2020a"
44,"The impact of ventilation rate on the fungal and bacterial ecology of home indoor air","Building and Environment",2020,"Microbiome and environment","Bacterial and Fungal","vacuum, other, active-sampler","Yes",1,14,"No","Yes","season, air exchange rate, age of building, building type, floor material, temperature, relative humidity, indoor PM10, outdoor PM10","No","USA","Cohort","Causal","ventilation rate","low versus high ventilation rate","microbiome","diversity","Cardboard trays (0.3 x 0.4 m) lined with aluminum foil","Yes","Confounding seldom considered","dwelling","Yes","Yes","Sequences have been archived in the European Nucleotide Archive (accession number ERP108959).",NA,NA,"kwan2020a"
45,"Lung Disease Diagnostic Model Through IgG Sensitization to Microbial Extracellular Vesicles","Allergy, asthma & immunology research",2020,"Microbiome and allergy","Bacterial","vacuum","No",NA,NA,"Yes","No",NA,"No","South Korea","Cross-sectional","Descriptive","antibodies","serum anti-bacterial EV antibodies","lung disease","Asthma, COPD, lung cancer",NA,"Yes","Confounding seldom considered","dwelling","No","No",NA,NA,NA,"yang2020a"
46,"Early life home microbiome and hyperactivity/inattention in school-age children","Scientific Reports",2019,"Microbiome and environment","Bacterial and Fungal","vacuum","No",0,NA,"No","Yes","pets, smoking, mold","No","Germany","Cohort","Causal","microbiome","diversity","neurologic","hyperactivity/inattention",NA,"Yes","Historical confounder","dwelling","No","No",NA,NA,NA,"casas2019a"
47,"Concurrent measurement of microbiome and allergens in the air of bedrooms of allergy disease patients in the Chicago area","Microbiome",2019,"Microbiome and environment","Bacterial","active-sampler","No",NA,5,"No","Yes","ventilation, flowering plants in vicinity, height of sampling, temperature, humidity, distance from bed, dog, dog allergen, cat allergen, mouse allergen, alternaria allergen, aspergillus allergen, urbanicity, geographical location, distance between buildings","No","USA","Cross-sectional","Descriptive",NA,NA,NA,NA,NA,"Yes","Confounding seldom considered","dwelling","No","Yes","Data is available from Qiita, study number 12285, and is available from EBI, accession number PRJEB32320/ERP114984 (Sample Accession Numbers ERS3383113–ERS3383177).",NA,NA,"richardson2019a"
48,"Farm-like indoor microbiota in non-farm homes protects children from asthma development","Nature Medicine",2019,"Microbiome, environment and allergy","Bacterial and Fungal","vacuum","No",NA,NA,"Yes","Yes","farm","Yes","Finland, Germany","Cohort","Causal","farm","living in a farm or nearby","allergies","asthma, atopy",NA,"Yes","beta-coefficient","dwelling","No","Yes","The bacterial and fungal sequences from LUKAS have been deposited in the European Bioinformatics Institute European Nucleotide Archive database under accession number PRJEB29081 https://www.ncbi.nlm.nih.gov/sra?term=PRJEB29081",NA,NA,"kirjavainen2019a"
49,"Indoor bacterial microbiota and development of asthma by 10.5 years of age","The Journal of Allergy and Clinical Immunology",2019,"Microbiome, environment and allergy","Bacterial","vacuum","No",0,NA,"Yes","Yes","pets, living on farm, floor material, woodstove, gas cooker","Yes","Finland, Austria, France, Germany, Switzerland","Cohort","Causal","microbiome","richness","allergies","asthma",NA,"Yes","beta-coefficient","dwelling","No","No",NA,NA,NA,"karvonen2019a"
50,"Crawling-induced floor dust resuspension affects the microbiota of the infant breathing zone","Microbiome",2018,"Microbiome only","Bacterial and Fungal","vacuum, active-sampler","Yes",NA,NA,"No","No",NA,"No","Finland","Experimental","Causal",NA,NA,NA,NA,NA,"Yes","Not applicable","dwelling","Yes","Yes","The bacterial sequences were submitted in NCBI Sequence Read Archive (SRA) under the Bioproject ID PRJNA399233 with the following BioSample numbers: SAMN07527317-SAMN07527378.",NA,NA,"hyytiaeinen2018a"
51,"Longitudinal development of the dust microbiome in a newly opened Norwegian kindergarten","Microbiome",2018,"Microbiome and environment","Bacterial","vacuum","No",0,NA,"No","Yes","season, room type","No","Norway","Cohort","Descriptive",NA,NA,NA,NA,NA,"No","Not applicable","school","No","Yes","Raw amplicon data were deposited at the European Nucleotide Archive (ENA) under Project accession number PRJEB26846, with the following sample accession numbers: SAMEA4670724-SAMEA4670728.",NA,NA,"nygaard2018a"
52,"Antimicrobial Chemicals Associate with Microbial Function and Antibiotic Resistance Indoors","mSystems",2018,"Microbiome and environment","Bacterial","vacuum","No",NA,NA,"No","Yes","location in building, ventilation, building material, size of indoor environment, water sources, person visits per day","No","USA","Cross-sectional","Descriptive",NA,NA,NA,NA,NA,"Yes","Uninformed","sport","No","Yes","The sequence ﬁles generated during the present study are available in the Sequence Read Archive (SRA) under accession no. PRJNA489265.",NA,NA,"fahimipour2018a"
53,"Early-life home environment and risk of asthma among inner-city children","Journal of Allergy and Clinical Immunology",2018,"Microbiome, environment and allergy","Bacterial","vacuum","No",NA,NA,"Yes","Yes","cockroach allergen, mouse allergen, mite allergen, dog allergen, cat allergen, indoor NO2, ergosterol, endotoxin, smoking","No","USA","Cohort","Causal","microbiome, others","diversity, abundance (taxa)","allergies","asthma (7 years)",NA,"Yes","Historical confounder","dwelling","No","No",NA,NA,NA,"o2018a"
54,"Dog introduction alters the home dust microbiota","Indoor Air",2018,"Microbiome and environment","Bacterial","vacuum","No",0,NA,"No","Yes","dog, number of inhabitants, size of indoor environment, heating","No","USA","Cohort","Causal","pets","introduction of dog to household","microbiome","diversity, abundance (taxa)",NA,"Yes","Confounding seldom considered","dwelling","No","No",NA,NA,NA,"sitarik2018a"
55,"Exposures Related to House Dust Microbiota in a U.S. Farming Population","Environmental Health Perspectives",2018,"Microbiome, environment and allergy","Bacterial","vacuum","No",NA,NA,"Yes","Yes","pets, cleaning status, type of farming, season, endotoxin, floor type","No","USA","Case-control","Causal","farming","Current farming (working with crops in the past 12 months)","microbiome","diversity",NA,"Yes","p-value or model-based","dwelling","No","No",NA,NA,NA,"lee2018a"
56,"Differences in bacterial composition between men’s and women’s restrooms and other common areas within a public building","Antonie van Leeuwenhoek",2018,"Microbiome only","Bacterial","swab","No",2.2,NA,"No","No",NA,"No","Brazil","Cross-sectional","Descriptive",NA,NA,NA,NA,NA,"No","Not applicable","university","No","No",NA,NA,NA,"dobbler2018a"
57,"Daylight exposure modulates bacterial communities associated with household dust","Microbiome",2018,"Microbiome and environment","Bacterial","vacuum","No",NA,90,"No","Yes","light in microenvironment","No","USA","Experimental","Causal","light","Visible light, UV light or no light","microbiome","diversity, abundance (taxa)",NA,"Yes","Not applicable","dwelling","No","Yes","The sequence files generated during the current study are available in the Figshare open access repository under https://doi.org/10.6084/m9.figshare. 5378395 and have been deposited in the sequence read archive (SRA) under accession number PRJNA475151.",NA,NA,"fahimipour2018b"
58,"Airborne microbial communities in the atmospheric environment of urban hospitals in China","Journal of Hazardous Materials",2018,"Microbiome and environment","Bacterial","active-sampler","No",NA,NA,"No","Yes","temperature, humidity, indoor PM2.5, indoor PM10","No","China","Cross-sectional","Descriptive",NA,NA,NA,NA,NA,"Yes","Confounding seldom considered","hospital","No","No",NA,NA,NA,"gao2018a"
59,"Variability of Indoor Fungal Microbiome of Green and Non-Green Low-Income Homes in Cincinnati, Ohio","Science of the Total Environment",2018,"Microbiome, environment and allergy","Fungal","vacuum, active-sampler","Yes",NA,5,"Yes","Yes","temperature, humidity, green-renovated building, mold","No","USA","Cohort","Causal","green house","green house VS non-green houses","microbiome","diversity and richness",NA,"Yes","Confounding seldom considered","dwelling","No","No",NA,NA,NA,"coombs2018a"
60,"The bacterial composition of ventilation filter dust in Norwegian pre-school nurseries","Indoor and Built Environment",2018,"Microbiome only","Bacterial","HVAC","No",NA,NA,"No","Yes","number of occupants","No","Norway","Cross-sectional","Causal","occupants","number of occupants","microbiome","abundance",NA,"Yes","Confounding seldom considered","nursery","No","Yes","""The unprocessed DNA sequences obtained in this study have been deposited in the NCBI SRA archive under accession number SRP059818.",NA,NA,"nygaard2018b"
61,"Fungal and bacterial growth in floor dust at elevated relative humidity levels","Indoor Air",2017,"Microbiome and environment","Bacterial and Fungal","vacuum, other","Yes",NA,NA,"No","Yes","humidity","No","USA","Experimental","Causal","humidity","equilibrium relative humidity (0-100%)","microbiome","growth rate, richness, abundance",NA,"Yes","Uninformed","dwelling","No","No",NA,NA,NA,"dannemiller2017a"
62,"Microbial analyses of airborne dust collected from dormitory rooms predict the sex of occupants","Indoor Air",2017,"Microbiome and environment","Bacterial and Fungal","petri, HVAC","Yes",2.25,75,"No","Yes","number of occupants, room type, wing, outdoor air delivery rate, indoor CO2, ventilation, cleaning frequency","No","USA","Cross-sectional","Descriptive",NA,NA,NA,NA,NA,"Yes","p-value or model-based","dwelling","No","No",NA,NA,NA,"luongo2017a"
63,"Indoor microbiota in severely moisture damaged homes and the impact of interventions","Microbiome",2017,"Microbiome and environment","Bacterial and Fungal","vacuum","No",0,NA,"No","Yes","pets, farm, urbanicity, season, building material, building structure, age of building, moisture damage, microbial toxins","No","Finland","Cross-sectional","Descriptive",NA,NA,NA,NA,NA,"Yes","Historical confounder","dwelling","No","Yes","The bacterial and fungal sequences were submitted in NCBI Sequence Read Archive (SRA) under the Bioproject ID PRJNA399233 with the following BioSample numbers: SAMN07624174 SAMN07624327 for bacterial and SAMN007624555-SAMN07624708 for fungal data.",NA,NA,"jayaprakash2017a"
64,"Characterization of the bacterial and fungal microbiome in indoor dust and outdoor air samples: a pilot study","Environmental Science: Processes & Impacts",2016,"Microbiome, environment and allergy","Bacterial and Fungal","vacuum","No",NA,NA,"Yes","Yes","season, room type, outdoor coarse particles, outdoor fine particles","No","USA","Cohort","Descriptive",NA,NA,NA,NA,NA,"No","Not applicable","dwelling","No","No",NA,NA,NA,"hanson2016a"
65,"Urban Dust Microbiome: Impact on Later Atopy and Wheezing","Environmental Health Perspectives",2016,"Microbiome, environment and allergy","Bacterial and Fungal","vacuum","No",0,NA,"Yes","Yes","season","No","Germany","Cohort","Causal","microbiome","diversity","allergies","allergic sensitization, wheezing in prior 12 months at age 6 months to 10 years.",NA,"Yes","Historical confounder","dwelling","No","No",NA,NA,NA,"tischer2016a"
66,"Indoor air bacterial communities in Hong Kong households assemble independently of occupant skin microbiomes","Environmental Microbiology",2016,"Microbiome, environment and allergy","Bacterial","swab, active-sampler","Yes",NA,0,"No","Yes","ventilation, number of occupants","No","China","Cross-sectional","Descriptive",NA,NA,NA,NA,NA,"Yes","Uninformed","dwelling","No","Yes","All sequence ﬁles have been deposited at the public FigShare repository (http://dx.doi.org/10.6084/m9.ﬁgshare.1254031).",NA,NA,"wilkins2016a"
67,"Microbiological consequences of indoor composting","Indoor Air",2016,"Microbiome and environment","Bacterial, Fungal and other","EDC, active-sampler","No",NA,NA,"No","Yes","composting, age of building, number of rooms, type of heating, ventilation, floor material, wall surface type, aeration time, number of inhabitants, smoking","No","France","Cohort","Causal","composting","households with composting practices vs no","microbiome","diversity",NA,"Yes","Confounding seldom considered","dwelling","No","No",NA,NA,NA,"naegele2016a"
68,"Influence of housing characteristics on bacterial and fungal communities in homes of asthmatic children","Indoor Air",2016,"Microbiome and allergy","Bacterial and Fungal","vacuum","No",NA,NA,"Yes","Yes","infestations, smoking, mold, water leaks, number of inhabitants, air conditioning, urbanicity","No","USA","Cross-sectional","Descriptive",NA,NA,NA,NA,NA,"Yes","Uninformed","dwelling","No","Yes","Sequences were archived in the European Nucleotide Archive (accession numbers ERP005149, ERP002369).",NA,NA,"dannemiller2016a"
69,"Presence of Archaea in the Indoor Environment and Their Relationships with Housing Characteristics","Microbial Ecology",2016,"Microbiome and environment","Other","vacuum","No",NA,NA,"No","Yes","668 housing characteristics","No","USA","Cross-sectional","Descriptive",NA,NA,NA,NA,NA,"Yes","Uninformed","dwelling","No","No",NA,NA,NA,"pakpour2016a"
70,"Innate Immunity and Asthma Risk in Amish and Hutterite Farm Children","NEJM",2016,"Microbiome and allergy","Bacterial","vacuum","No",NA,NA,"Yes","No",NA,"No","USA","Cross-sectional","Descriptive",NA,NA,NA,NA,NA,"No","Not applicable","dwelling","No","No",NA,NA,NA,"stein2016a"
71,"Antimicrobial Chemicals Are Associated with Elevated Antibiotic Resistance Genes in the Indoor Dust Microbiome","Environmental science & technology",2016,"Microbiome and environment","Bacterial","vacuum","No",NA,NA,"No","Yes","room type, ventilation","No","USA","Cross-sectional","Descriptive",NA,NA,NA,NA,NA,"Yes","Uninformed","school, sport, office","No","Yes","All sequence data are available in the Sequence Read Archive (http://www.ncbi.nlm.nih.gov/; BioProject ID PRJNA321035).",NA,NA,"hartmann2016a"
72,"Characterizing the bacterial communities in retail stores in the United States","Indoor Air",2016,"Microbiome and environment","Bacterial","HVAC","No",NA,30,"No","Yes","season, size of indoor environment, air exchange rate","No","USA","Cross-sectional","Descriptive",NA,NA,NA,NA,NA,"Yes","Uninformed","store","No","Yes","All sequence data are publically available through the European Bioinformatics Institute (EBI) under accession numbers ERS370920-ERS370941.",NA,NA,"hoisington2016a"
73,"Indoor microbial communities: Influence on asthma severity in atopic and nonatopic children","Journal of Allergy and Clinical Immunology",2016,"Microbiome, environment and allergy","Bacterial and Fungal","vacuum","No",NA,NA,"Yes","Yes","pests, pets, smoking, mold, water leaks","No","USA","Cross-sectional","Causal","microbiome","richness","allergies","asthma severity (mild/severe), atopic status (according to sedum IgE levels)",NA,"Yes","Historical confounder","dwelling","No","Yes","Sequences have been archived with accession numbers ERP005149 and ERP002369",NA,NA,"dannemiller2016b"
74,"Fungal and Bacterial Communities in Indoor Dust Follow Different Environmental Determinants","PloS One",2016,"Microbiome and environment","Bacterial and Fungal","vacuum","No",0,NA,"No","Yes","season, dampness, mold, water leaks, ventilation, heating, pets, floor type, smoking, age of building, building orientation, proximity to green areas, urbanicity, outdoor NO2, outdoor NO, outdoor PM2.5, outdoor PM10","No","Germany","Cross-sectional","Descriptive",NA,NA,NA,NA,NA,"Yes","Uninformed","dwelling","No","No",NA,NA,NA,"weikl2016a"
75,"Key determinants of the fungal and bacterial microbiomes in homes","Environmental Research",2015,"Microbiome and environment","Bacterial and Fungal","vacuum","No",0,NA,"No","Yes","humidity, number of occupants, temperature, dog, cat, age of building","No","USA","Cross-sectional","Descriptive",NA,NA,NA,NA,NA,"Yes","Uninformed","dwelling","No","No",NA,NA,NA,"kettleson2015a"
76,"Associations between bacterial communities of house dust and infant gut","Environmental Research",2014,"Microbiome and environment","Bacterial","vacuum","No",0,NA,"No","Yes","dog, cat","No","Canada","Cross-sectional","Descriptive",NA,NA,NA,NA,NA,"Yes","Uninformed","dwelling","No","No",NA,NA,NA,"konya2014a"
77,"Dustborne and airborne Gram-positive and Gram-negative bacteria in high versus low ERMI homes","Science of the Total Environment",2014,"Microbiome and environment","Bacterial","vacuum","No",0,NA,"No","Yes","mold, temperature, humidity, number of inhabitants, muramic acid, endotoxin","No","USA","Cross-sectional","Causal","mold","low vs high mold index","bacteria","concentration of gram positive and gram negative bacteria",NA,"Yes","Uninformed","dwelling","No","No",NA,NA,NA,"adhikari2014a"
78,"Architectural design drives the biogeography of indoor bacterial communities","PloS One",2014,"Microbiome and environment","Bacterial","vacuum","No",NA,NA,"No","Yes","building architecture, building function, building structure, building organization of space, type of ventilation, human use patterns, time that people spend in room, temperature, humidity","No","USA","Cross-sectional","Descriptive",NA,NA,NA,NA,NA,"Yes","Confounding seldom considered","university","No","Yes","All sequence data and metadata have been deposited in the open-access data repository Figshare (http://figshare.com/articles/Lillis_Dust_Sequencing_Data/709596).",NA,NA,"kembel2014a"
79,"Impact of sampler selection on the characterization of the indoor microbiome via high-throughput sequencing","Building and Environment",2014,"Microbiome only","Bacterial and Fungal","vacuum, HVAC, active-sampler","Yes",NA,7,"No","No",NA,"No","USA","Cohort","Descriptive",NA,NA,NA,NA,"bioaerosol samplers that included: a BioSampler® (BIO) (SKC Inc., Eighty Four, PA), a button sampler (BS) (SKC Inc., Eighty Four, PA), a personal environmental monitor with a nominal cut size of 2.5 mm (PEM) (SKC Inc., Eighty Four, PA), and a wetted-wall cyclone (WWC) (TSI Inc., Shoreview, MN). In addition, settled dust collected from a high surface (SD) and airborne dust recovered from an HVAC ﬁlter (HVAC) were collected to compare the communities recovered from these longer-term samples to those recovered from the shorter-term bioaerosol samplers.","No","Not applicable","store","Yes","Yes","All sequence data are publically available through the European Bioinformatics Institute (EBI) under accession numbers ERS387094-ERS387129.",NA,NA,"hoisington2014a"
80,"Stenotrophomonas, Mycobacterium, and Streptomyces in home dust and air: associations with moldiness and other home/family characteristics","Indoor Air",2013,"Microbiome and environment","Bacterial","vacuum","No",0,NA,"No","Yes","mold, pets, temperature, humidity, number of inhabitants, water damage, floor material, age of building","No","USA","Cross-sectional","Causal","mold","low vs high mold index","bacteria","concentration of bacteria (S.maltophilia, Streptomyces, Mycobacterium)",NA,"Yes","p-value or model-based","dwelling","No","No",NA,NA,NA,"kettleson2013a"
81,"Dispersal in microbes: fungi in indoor air are dominated by outdoor air and show dispersal limitation at short distances","ISME journal",2013,"Microbiome and environment","Fungal","petri","No",NA,120,"No","Yes","season, room type, age of building, floor type, number of inhabitants, cleaning frequency, temperature, humidity, temperature variance, humidity variance","No","USA","Cohort","Descriptive",NA,NA,NA,NA,NA,"Yes","Uninformed","dwelling","No","Yes","National Center for Biotechnology Information Sequence Read Archive under accession number SRA059097",NA,"ITS1 (pyrosequencing)","adams2013a"
82,"Deciphering the distribution of microbial communities and potential pathogens in the household dust","Science of the Total Environment",2023,"Microbiome only","Bacterial and Fungal","swab","No",NA,NA,"No","Yes","location in building, furniture","No","China","Case report","Descriptive",NA,NA,NA,NA,NA,"No","Not applicable","dwelling","No","Yes","The raw dust sequencing data are available at the NCBI Sequence Read Archive with the bioproject ID PRJNA895379 and PRJNA895844.",NA,NA,"zhou2023a"
83,"Airborne bacterial communities in residences: similarities
and differences with fungi","PloS One",2014,"Microbiome and environment","Bacterial and Fungal","petri","No",NA,30,"No","Yes","season, room type, age of building, floor type, number of inhabitants, cleaning frequency, temperature, humidity, temperature variance, humidity variance","No","USA","Cohort","Descriptive",NA,NA,NA,NA,NA,"Yes","Confounding seldom considered","dwelling","No","Yes","All raw sequences, including those samples with low amplification yield that were excluded from this analysis, have been deposited into NCBI’s SRA with accession SRP030126","16S V1-V2 (pyrosequencing)",NA,"adams2014a"
84,"Impacts of Flood Damage on Airborne Bacteria and Fungi in Homes
after the 2013 Colorado Front Range Flood","Environmental science & technology",2015,"Microbiome and environment","Bacterial and Fungal","petri, HVAC","Yes",2.25,29,"No","Yes","flooded building, temperature, relative humidity, age of building, mold, number of inhabitants, use of antimicrobials, degree of flood-related damage","No","USA","Cross-sectional","Descriptive",NA,NA,NA,NA,NA,"Yes","Historical confounder","dwelling","No","No",NA,NA,NA,"emerson2015a"
85,"Childhood lower respiratory tract infections linked to residential airborne bacterial and fungal microbiota.","Environmental Research",2023,"Microbiome and environment","Bacterial and Fungal","EDC","No",1.5,14,"No","Yes","building type, season, occupant density, dampness, wall surface type, smoking, pets","No","Nigeria","Case-control","Descriptive","microbiome","diversity","infection","lower respiratory tract infection in children",NA,"Yes","DAG","dwelling","No","Yes","Raw sequencing data per amplicon per sample is deposited at NCBI short read archive under BioProject accession PRJNA930885.","16S V5-V6 (illumina MiSeq)","ITS1 (illumina MiSeq)","fakunle2023a"
86,"Tracing recent outdoor geolocation by analyzing microbiota from shoe soles and shoeprints even after indoor walking","Forensic science international",2023,"Microbiome only","Bacterial","swab","No",0,NA,"No","Yes","woods soil, arid wasteland soil, lakeshore soil","No","China","Experimental","Causal","microbiome","microbial composition of shoe sole","geographical origin","geographical origin of microbiota for forensic purposes",NA,"Yes","Historical confounder","dwelling","No","No",NA,NA,NA,"zhang2023a"
87,"Composition Analysis of Airborne Microbiota in Outdoor and Indoor Based on Dust Separated by Micro-sized and Nano-sized","Aerosol and Air Quality Research",2023,"Microbiome and environment","Bacterial","vacuum, petri","Yes",NA,7,"No","Yes","temperature, humidity, outdoor PM2.5, outdoor PM10, meteorological conditions, outdoor microbiome","No","South Korea","Cohort","Descriptive",NA,NA,NA,NA,NA,"Yes","Confounding seldom considered","office","No","No",NA,NA,NA,"yang2023a"
88,"Metagenomics reveals novel microbial signatures of farm exposures in house dust","Frontiers in Microbiology",2023,"Microbiome, environment and allergy","Bacterial","vacuum","No",NA,NA,"Yes","Yes","pets, farming, type of farming, floor type, season","No","USA","Case-control","Descriptive",NA,NA,NA,NA,NA,"Yes","p-value or model-based","dwelling","Yes","Yes","Microbiome sequencing data are available at the Sequence Read Archive (SRA) under project number PRJNA975673 (https://www.ncbi.nlm.nih.gov/sra/).",NA,NA,"wang2023a"
89,"Indoor Airborne Microbiome and Endotoxin: Meteorological Events and Occupant Characteristics Are Important Determinants","Environmental science & technology",2023,"Microbiome and environment","Bacterial","EDC","No",1.5,14,"No","Yes","season, number of occupants, cleaning frequency","Yes","Denmark, Norway, Iceland, Estonia, Sweden","Cross-sectional","Causal","environment","environmental determinants","microbiome","diversity, also endotoxin load",NA,"Yes","p-value or model-based","dwelling","No","No",NA,NA,NA,"amin2023a"
90,"Enrichment of human nasopharyngeal bacteriome with bacteria from dust after short-term exposure to indoor environment: a pilot study","BMC Microbiology",2023,"Microbiome and environment","Bacterial","vacuum","No",0,NA,"No","Yes","building type","No","Czech Republic","Cohort","Causal","environment","household vs workplace","microbiome","nasopharyngeal microbiome",NA,"Yes","Confounding seldom considered","dwelling","No","Yes","Sequencing data are available at the Sequence Read Archive (NCBI) under the accession number PRJNA788869",NA,NA,"konecna2023a"
91,"Abundant Cyanobacteria in Autumn Adhering to the Heating, Ventilation, and Air-Conditioning (HVAC) in Shanghai","Microorganisms",2023,"Microbiome and environment","Bacterial","HVAC","No",NA,NA,"No","Yes","season","No","China","Cross-sectional","Descriptive",NA,NA,NA,NA,NA,"Yes","Confounding seldom considered","dwelling","No","No",NA,NA,NA,"nie2023a"
92,"Occupational Farm Work Activities Influence Workers’ Indoor Home Microbiome","Environmental Research",2024,"Microbiome and environment","Bacterial","vacuum","No",0,NA,"No","Yes","dog, cat, building condition, season, smoking","No","USA","Case-control","Causal","pesticide, farm activities","pesicide use and farm work activities","microbiome","diversity",NA,"Yes","Historical confounder","dwelling","No","Yes","Microbiome sequencing data are available at the Sequence Read Archive (SRA) under project number PRJNA975673 (https://www.ncbi.nlm.nih.gov/bioproject/PRJNA975673/)",NA,NA,"dalton2024a"
93,"Fungal microbiota from indoor air of a Child Development Center in an arid zone","TIP Revista Especializada en Ciencias Químico-Biológicas",2022,"Microbiome and environment","Fungal","active-sampler","No",1,0,"No","Yes","temperature, humidity, wind speed","No","Mexico","Cross-sectional","Descriptive",NA,NA,NA,NA,NA,"No","Not applicable","nursery","No","No",NA,NA,NA,"guadalupe2022a"
94,"Prenatal mold exposure is associated with development of atopic dermatitis in infants through allergic inflammation","Jornal de Pediatria",2020,"Microbiome, environment and allergy","Fungal","swab","No",NA,NA,"Yes","No",NA,"No","South Korea","Case-control","Causal","microbiome","richness and diversity at 36 weeks gestation","allergies","atopic dermatitis at 1 year diagnosed through SCORAD index",NA,"Yes","Historical confounder","dwelling","No","No",NA,NA,NA,"lee-a"
95,"Participant-collected household dust for assessing microorganisms and semi-volatile organic compounds in urban homes","Science of the Total Environment",2024,"Microbiome and environment","Bacterial and Fungal","HVAC","No",NA,NA,"No","Yes","mold, size of indoor environment, temperature, building type, age of building, floor material, cleaning frequency","No","USA","Cross-sectional","Causal","sample collection","self-collected sample VS researcher-collected sample","microbiome","diversity, mass",NA,"Yes","Uninformed","dwelling","No","No",NA,"16S V4-V5 (illumina MiSeq)","ITS1 (illumina MiSeq)","jarma2024a"
96,"The spread of microbiota in the air of an underground hard coal mine – A case study","Building and Environment",2023,"Microbiome and environment","Bacterial and Fungal","active-sampler","No",1.5,NA,"No","Yes","temperature, humidity, wind speed, airflow rate","No","Poland","Case report","Descriptive",NA,NA,NA,NA,NA,"Yes","Uninformed","coal mine","No","No",NA,NA,NA,"cheluszka2023a"
97,"Characteristics of bacterial community and ARG profiles in the surface and air environments in a spacecraft assembly cleanroom","Environmental Pollution",2023,"Microbiome only","Bacterial","swab, active-sampler","Yes",NA,0,"No","No",NA,"ISS",NA,"Cross-sectional","Descriptive",NA,NA,NA,NA,NA,"Yes","Confounding seldom considered","space station","Yes","Yes","The dataset of the 16s rRNA sequencing data reported in this paper 
has been deposited in the Genome Sequence Archive (Wang et al., 2017) 
in the National Genomics Data Center (Sayers et al., 2021), under 
accession number PRJCA006956, which is publicly accessible at 
https://bigd.big.ac.cn/gsa.","16S V3-V4 (illumina HiSeq)",NA,"lu2023a"
98,"Optimization of bacterial DNA and endotoxin extraction from settled airborne dust","Science of the Total Environment",2023,"Microbiome only","Bacterial","EDC","No",1.5,14,"No","No",NA,"No","Denmark","Cross-sectional","Descriptive",NA,NA,NA,NA,NA,"No","Not applicable","dwelling","No","No",NA,"16S V3-V4 (illumina MiSeq)",NA,"amin2023b"
99,"Comparative effects of environmental factors on bacterial communities in two types of indoor dust: Potential risks to university students","Environmental Research",2022,"Microbiome and environment","Bacterial","other","No",NA,NA,"No","Yes","furniture surfaces","No","China","Cross-sectional","Descriptive",NA,NA,NA,NA,"Brushes were used to sweep dust on the floor, the edges of window and the surface of objects in the room, as well as dust on the electronic equipment and tables","Yes","Confounding seldom considered","dwelling, store","No","Yes","The detected raw reads in this study have been deposited into the 
NCBI Sequence Read Archive database with the accession number of 
PRJNA644078.","16S V4 (Ion S5 XL)",NA,"wu2022a"
100,"Effect of the passive natural ventilation on the bioaerosol in a small room","Building and Environment",2022,"Microbiome and environment","Bacterial and Fungal","active-sampler","No",NA,0,"No","Yes","ventilation, outdoor microbiome","No","Spain","Experimental","Causal","ventilation","open vs closed windows","microbiome","abundance, richness, diversity",NA,"Yes","Confounding seldom considered","university","No","No",NA,"16S V3-V4 (illumina MiSeq)","ITS2 (illumina MiSeq)","n2022a"
101,"Cow Farmers' Homes Host More Diverse Airborne Bacterial Communities Than Pig Farmers' Homes and Suburban Homes","Frontiers in Microbiology",2022,"Microbiome and environment","Bacterial","EDC","No",1.5,14,"No","Yes","urbanicity, farming, season","No","Denmark","Cross-sectional","Descriptive",NA,NA,NA,NA,NA,"Yes","Confounding seldom considered","dwelling","No","Yes","The MiSeq-derived sequences used in this study were deposited 
in the NCBI under BioProject ID: PRJNA801418. The MiSeq-derived sequences from 84 pig farmer homes, 83 
pig stables, and 100 suburban homes, along with associated 
metadata deposited by Vestergaard et al. (2018), were downloaded 
from the NCBI sequence read archive (SRA) under study 
number SRP124427.","16S V3-V4 (illumina MiSeq)",NA,"amin2022a"
102,"Microbiota and mobile genetic elements influence antibiotic resistance genes in dust from dense urban public places","Environmental Pollution",2022,"Microbiome and environment","Bacterial","other","No",NA,NA,"No","Yes","season, building type, carbon in dust, dust pH, dust salinity, dust redox potential, dust conductivity, nitrogen in dust","No","China","Cross-sectional","Descriptive",NA,NA,NA,NA,"Brush","Yes","Uninformed","hospital, store, university","No","Yes","The raw sequence data were uploaded in European Nucleotide 
Archive under accession number PRJEB51402 (http://www.ebi.ac.uk/ 
ena/data/view/PRJEB51402).","16S V4-V5 (illumina MiSeq)",NA,"feng2022a"
103,"Microbiomes of air dust collected during the ground-based closed bioregenerative life support experiment ""Lunar Palace 365""","Environmental microbiome",2022,"Microbiome and environment","Bacterial","active-sampler","No",NA,30,"No","Yes","indoor plants, occupants","No","China","Cross-sectional","Descriptive",NA,NA,NA,NA,NA,"Yes","Confounding seldom considered","biosphere","No","Yes","the Beijing Institute of Genomics (China National Center for Bioinformation), Chinese Academy of Sciences, under accession number CRA004389 (metagenome) and CRA004384 (amplicon),
which are publicly accessible at https://bigd.big.ac.cn/gsa. Comparison of airborne bacteria in the LP system 
and in other environments
The sequence dataset and sample metadata are either 
shared by the original author, downloaded from public 
databases (such as NCBI sequence read archive [SRA] 
or the European nucleoside Archive), or obtained from 
the QIIME online database and FigShare repository. The 
QIIME online database is now used by the Qiita data-
base (http://qiita.ucsd.edu). The International Space Sta-
tion (ISS) airborne microbiological data set was obtained 
from the NCBI SRA repository (SRA #280254). The 
published Park ambient air microorganism project was 
obtained from the FigShare repository (https://doi.org/ 
10.6084/m9.figshare.3362344). The microbial data set 
of classroom and outdoor ambient air is from the Fig-
Share repository (http://dx.doi.org/10.6084/m9.figshare. 
157199). Plant indoor microbial data were obtained from 
the European nuclear Archive (PRJEB8807 [ERP009846]).","16S V3-V4 (illumina HiSeq)",NA,"yang2022b"
104,"Bacterial Community under the Influence of Microplastics in Indoor Environment and the Health Hazards Associated with Antibiotic Resistance Genes","Environmental science & technology",2022,"Microbiome and environment","Bacterial","other","No",0,NA,"No","Yes","microplastics","No","China","Cross-sectional","Causal","microplastics",NA,"microbiome","differential abundance","Brush","Yes","Confounding seldom considered","dwelling","No","Yes","The sequence data obtained were also deposited in the NCBI SRA database (SRP313890).","16S V4 (illumina MiSeq)",NA,"peng2022a"
105,"Environmental microbiome in the home and daycare settings during the COVID-19 pandemic, and potential risk of non-communicable disease in children","Environmental microbiology reports",2024,"Microbiome, environment and allergy","Bacterial","vacuum","No",NA,NA,"Yes","Yes","building type, children, adult inhabitants, season","No","United Kingdom","Cohort","Causal","microbiome",NA,"non-communicable disease in children",NA,NA,"Yes","Confounding seldom considered","nursery, dwelling","No","Yes","European Nucleotide Archive via the study accession PRJEB46920 (individual sample accession numbers ERS17286601 to ERS17286681). URL: https://www.ebi.ac.uk/ena/browser/view/PRJEB70876","16S V4 (illumina MiSeq)",NA,"mckay2024a"
106,"Microbial community in indoor dusts from university dormitories: Characteristics, potential pathogens and influence factors","Atmospheric Pollution Research",2021,"Microbiome and environment","Bacterial","other","No",NA,NA,"No","Yes","electronics, polybrominated diphenyl ethers (PBDEs)","No","China","Cross-sectional","Descriptive",NA,NA,NA,NA,NA,"Yes","Uninformed","dwelling","No","Yes","The sequences of the 12 dust samples have been uploaded to the NCBI Sequence Read Archive database with accession number PRJNA644078.","16S V4 (Ion S5 XL)",NA,"wu2021a"
107,"Microbial growth and volatile organic compound (VOC) emissions from carpet and drywall under elevated relative humidity conditions","Microbiome",2021,"Microbiome, environment and allergy","Bacterial and Fungal","other","No",NA,NA,"No","Yes","moisture, building material, location in building","No","USA","Experimental","Causal","moisture, microbiome, building material",NA,"microbial growth and mVOCs","microbial volatile organic compounds","Carpets and drywall","Yes","Uninformed","dwelling","No","Yes","Sequence data was submitted to the European Nucleotide Archive under accession number PRJEB41403.","16S V4 (illumina MiSeq)","ITS1 (illumina MiSeq)","haines2021a"
108,"Microbiome and antibiotic resistome in household dust from Beijing, China","Environment International",2020,"Microbiome and environment","Bacterial and Fungal","swab","No",NA,NA,"No","Yes","geographical distance, number of inhabitants, dog, cat, number of indoor plants, species of indoor plants, floor level, age of building, size of indoor environment, floor type, population density, vascular plant diversity, percentage of woody vegetation cover, hog density, elevation, distance to city center, main vascular plant species outdoors, climate, outdoor PM2.5, outdoor PM10","No","China","Cross-sectional","Descriptive",NA,NA,NA,NA,NA,"Yes","Confounding seldom considered","dwelling","No","Yes","The raw sequencing data of the bacterial and fungal communities have been uploaded to the National Center for Biotechnology Information (NCBI) Sequence Read Archive (http://trace.ncbi.nlm.nih.gov/Traces/sra/) with accession number PRJNA573814","16S V4 (illumina MiSeq)","ITS1 (illumina MiSeq)","ding2020a"
109,"Bacterial community analysis of floor dust and HEPA filters in air purifiers used in office rooms in ILAS, Beijing","Scientific Reports",2020,"Microbiome and environment","Bacterial","swab, active-sampler","Yes",NA,130,"No","Yes","outdoor PM2.5, outdoor PM10, outdoor microbiome, soil microbiome, human oral microbiome, outdoor haze microbiome, number of inhabitants","No","China","Cross-sectional","Descriptive",NA,NA,NA,NA,NA,"Yes","Uninformed","office","Yes","Yes","All bacterial 16 S rRNA gene sequences generated for the present study have been deposited in the National  Centre for Biotechnology Information Sequence Read Archive (http://www.ncbi.nlm.nih.gov/sra) under the accession number SRP160378.","16S V3-V4 (illumina MiSeq)",NA,"guo2020a"
110,"Fungal Signature of Moisture Damage in Buildings: Identification by Targeted and Untargeted Approaches with Mycobiome Data","Applied and Environmental Microbiology",2020,"Microbiome and environment","Fungal","vacuum, swab, petri","Yes",1.5,21,"No","Yes","mold, outdoor microbiome, dampness, water damage","No","USA","Cohort","Descriptive",NA,NA,NA,NA,NA,"No","Not applicable","dwelling","Yes","Yes","Raw amplicon data were deposited at the NCBI Sequence Read Archive with BioProject accession number PRJNA603120.",NA,"ITS1 (illumina MiSeq)","adams2020a"
111,"Viable bacterial communities on hospital window components in patient rooms","PeerJ",2020,"Microbiome and environment","Bacterial","swab","No",1.6,NA,"No","Yes","light, building orientation","No","USA","Cross-sectional","Causal","light","light exposure","microbiome","microbial composition of hospital surfaces, abundance of microbial pathogens",NA,"Yes","Confounding seldom considered","hospital","No","Yes","The raw sequencing data from this project have been uploaded to the National Center for Biotechnology Information (NCBI) Sequence Read Archive (SRA) and are freely accesible under BioProject ID PRJNA610453.","16S V3-V4 (illumina MiSeq)",NA,"horve2020a"
112,"A preliminary study on the potential of Nanopore MinION and Illumina MiSeq 16S rRNA gene sequencing to characterize building-dust microbiomes","Scientific Reports",2020,"Microbiome only","Bacterial","vacuum, HVAC","Yes",NA,NA,"No","No",NA,"No","Norway","Cross-sectional","Descriptive",NA,NA,NA,NA,NA,"No","Not applicable","nursery, school","Yes","Yes","The raw sequences generated in this project were deposited in the European Nucleotide Archives (ENA) and samples are available through accession numbers ERS2702688-ERS2702711.","16S V3-V4 (illumina MiSeq)",NA,"nygaard2020a"
113,"Hospital Microbiome Variations As Analyzed by High-Throughput Sequencing","OMICS: A Journal of Integrative Biology",2019,"Microbiome only","Bacterial","swab","No",NA,NA,"No","No",NA,"No","Egypt","Cross-sectional","Descriptive",NA,NA,NA,NA,NA,"No","Not applicable","hospital","No","Yes","All raw sequence reads have been deposited in the Sequence Read Archive under BioProject PRJNA544954 and assigned Biosample numbers SAMN11867245 through SAMN11867256.","16S V3-V4 (illumina MiSeq)",NA,"elrakaiby2019a"
114,"Quantitative evaluation of bioaerosols in different particle size fractions in dust collected on the International Space Station (ISS)","Applied and Environmental Microbiology",2019,"Microbiome only","Bacterial and Fungal","vacuum, HVAC, other","Yes",NA,NA,"No","No",NA,"ISS",NA,"Cross-sectional","Descriptive",NA,NA,NA,NA,"The passive sampling substrate consisted of a piece of double sided carbon tape attached to a 3 cm × 1.5 cm aluminum block placed in an aluminum passive sampler with five individually bored drawer-like sections which could be opened and closed","Yes","Confounding seldom considered","space station","Yes","Yes","raw .fastq files were downloaded from NCBI Sequence
Read Archive (SRA) under the accession number
SRP035601 for the bulk sample (Venkateswaran et al. 2014) and under SRA accession number SRA280254 for the ISS
Debris and ISS HEPA filter samples (Checinska et al. 2015).","16S V3-V4 (illumina MiSeq)","ITS1 (illumina MiSeq)","Haines2019"
115,"Accumulation of di-2-ethylhexyl phthalate from polyvinyl chloride flooring into settled house dust and the effect on the bacterial community","PeerJ",2019,"Microbiome and environment","Bacterial","vacuum","No",NA,90,"No","Yes","DEHP","No","USA","Experimental","Causal","DEHP","Di-2-ethylhexyl phthalate","microbiome","richness, diversity",NA,"Yes","Historical confounder","dwelling","No","Yes","The DNA sequences and metadata are available from the NCBI Sequence Read Archive (SRA) under BioProject accession PRJNA541585.","16S V3-V4 (illumina MiSeq)",NA,"velazquez2019a"
116,"The developing premature infant gut microbiome is a major factor shaping the microbiome of neonatal intensive care unit rooms","Microbiome",2018,"Microbiome and environment","Bacterial","petri, HVAC, other, active-sampler","Yes",NA,NA,"No","Yes","furniture surfaces, electronics","No","USA","Cohort","Descriptive",NA,NA,NA,NA,"wipe","Yes","Confounding seldom considered","hospital","Yes","Yes","Raw read data were deposited in the NCBI Short Read Archive (Bioproject PRJNA376566, SRA SRR5405607 to SRR5406014).","16S V3-V4 (illumina MiSeq)",NA,"brooks2018a"
117,"Filter forensics: microbiota recovery from residential HVAC filters","Microbiome",2018,"Microbiome only","Bacterial and Fungal","vacuum, swab, HVAC","Yes",NA,32,"No","No",NA,"No","USA","Cross-sectional","Descriptive",NA,NA,NA,NA,NA,"No","Not applicable","dwelling","Yes","Yes","Sequence files and metadata for all samples used in this study have been deposited in Figshare (https://figshare.com/s/721763cb9a0afd00d049, DOI: https://doi.org/10.6084/m9.figshare.4981592).","16S V4-V5 (illumina MiSeq)","ITS1 (illumina MiSeq)","maestre2018a"
118,"Microbial characteristics in homes of asthmatic and non-asthmatic adults in the ECRHS cohort","Indoor Air",2018,"Microbiome and allergy","Bacterial, Fungal and other","vacuum","No",NA,NA,"Yes","No",NA,"Yes","Germany, Spain, France, United Kingdom, Iceland, Sweden, Switzerland","Case-control","Causal","microbiome","microbes or microbial cell wall markers","allergies",NA,NA,"Yes","Historical confounder","dwelling","No","No",NA,NA,NA,"valkonen2018a"
119,"Biological invasion in the indoor environment: the spread of Eurotium halophilicum on library materials","International Biodeterioration & Biodegradation",2017,"Microbiome and environment","Bacterial and Fungal","active-sampler","No",NA,NA,"No","Yes","season, temperature, humidity","No","Italy","Cross-sectional","Descriptive",NA,NA,NA,NA,NA,"Yes","Confounding seldom considered","archive","No","Yes","The nucleotide sequences were deposited in the European Nucleotide Archive (ENA) under the accession number LT603034 to LT603050.",NA,NA,"polo2017a"
120,"DNA metabarcoding to assess indoor fungal communities: Electrostatic dust collectors and Illumina sequencing","Journal of Microbiological Methods",2017,"Microbiome and environment","Fungal","EDC","No",1,70,"No","Yes","housing type, composting, pets, heating systems","No","France","Cross-sectional","Descriptive",NA,NA,NA,NA,NA,"Yes","Confounding seldom considered","dwelling","No","No",NA,NA,"ITS2 (illumina MiSeq)","rocchi2017a"
121,"Effects of the biocides on the culturable house dust-borne bacterial compositions and diversities","Human and Ecological Risk Assessment: An International Journal",2016,"Microbiome only","Bacterial","vacuum","No",0,NA,"No","No",NA,"No","South Korea","Experimental","Descriptive","biocides","CuSO4 (CUS), triclosan (TRC), or benzalkonium chloride","microbiome","diversity",NA,"Yes","Confounding seldom considered","dwelling","No","Yes","Raw sequences are available in the Sequence Read Archive of the NCBI under the accession number SRP066827","16S V3-V4 (illumina MiSeq)",NA,"xu2016a"
122,"Resilient microorganisms in dust samples of the International Space Station-survival of the adaptation specialists","Microbiome",2016,"Microbiome only","Bacterial, Fungal and other","vacuum, HVAC","Yes",NA,NA,"No","No",NA,"ISS",NA,"Cross-sectional","Descriptive",NA,NA,NA,NA,NA,"Yes","Confounding seldom considered","space station","Yes","Yes","Sequencing datasets are assigned the study project number PRJEB14961, and samples are named according to internal abbreviations RISS1-5 as described in the chapter “Origin of samples.” The accession numbers assigned to the partial 16S rRNA gene sequences and ITS1 sequence are LT617056-LT617090",NA,NA,"mora2016a"
123,"Microbiomes of the dust particles collected from the International Space Station and Spacecraft Assembly Facilities","Microbiome",2015,"Microbiome only","Bacterial and Fungal","vacuum, HVAC","Yes",NA,NA,"No","No",NA,"ISS",NA,"Cross-sectional","Descriptive",NA,NA,NA,NA,NA,"Yes","Confounding seldom considered","space station","Yes","Yes","The data set supporting the results of this article is available in the NCBI SRA repository, under SRA #280254.","16S V3-V4 (illumina MiSeq), 16S V3-V5 (pyrosequencing)","ITS1 (pyrosequencing)","checinska2015a"
124,"Passive dust collectors for assessing airborne microbial material","Microbiome",2015,"Microbiome only","Bacterial and Fungal","EDC, petri, other","Yes",1.75,35,"No","No",NA,"Yes","Finland, USA","Cross-sectional","Descriptive",NA,NA,NA,NA,"TefTex wipes","No","Not applicable","laboratory, dwelling, office","Yes","Yes","The raw sequences supporting the results of this article are available in the NCBI’s Sequence Read Archive (SRA) repository as SRP062794","16S V4 (illumina MiSeq)","ITS1 (illumina MiSeq)","adams2015a"
125,"Microbial diversity in bioaerosol samples causing ODTS compared to reference bioaerosol samples as measured using Illumina sequencing and MALDI-TOF","Environmental Research",2015,"Microbiome and environment","Bacterial and Fungal","other, active-sampler","Yes",NA,1,"No","Yes","grass seeds, occupational exposure","No","Denmark","Case report","Descriptive",NA,NA,NA,NA,"rotating drum","Yes","Confounding seldom considered","industry","No","No",NA,"16S V1-V3 (illumina MiSeq)","ITS2 (illumina MiSeq)","madsen2015a"
126,"The ecology of microscopic life in household dust","Proceedings of the Royal Society B: Biological Sciences",2015,"Microbiome, environment and allergy","Bacterial and Fungal","swab","No",NA,NA,"Yes","Yes","outdoor microbiome, number of inhabitants, climate, urbanicity, geographical location, pets, dog, cat, ventilation, floor material, soil pH, plant diversity, distance to coast, elevation","No","USA","Cross-sectional","Descriptive",NA,NA,NA,NA,NA,"Yes","Uninformed","dwelling","No","Yes","Data from this project can be freely accessed and downloaded from http://figshare.com/articles/1000homes/1270900 and from http://qiita.microbio.me/study/description/10269.","16S V4 (illumina HiSeq)","ITS1 (illumina HiSeq)","barber2015a"
127,"Next-generation DNA sequencing reveals that low fungal diversity in house dust is associated with childhood asthma development","Indoor Air",2014,"Microbiome, environment and allergy","Fungal","vacuum","No",NA,NA,"Yes","Yes","moisture, mold, water damage, water leaks, smoking, pets, season","No","USA","Case-control","Descriptive","microbiome","diversity","allergies","asthma diagnosis",NA,"Yes","Historical confounder","dwelling","No","Yes","Sequences have been archived in the European Nucleotide Archive with accession number ERP002369",NA,"ITS (454 GS FLX)","dannemiller2014a"
128,"Exploring the microbiome of the built environment: A primer on four biological methods available to building professionals","HVAC&R Research",2014,"Microbiome only","Bacterial and Fungal","HVAC","No",NA,30,"No","No",NA,"No","USA","Cross-sectional","Descriptive",NA,NA,NA,NA,NA,"No","Not applicable","store","No","No",NA,NA,NA,"hoisington2014b"
129,"Diversity of bacterial communities of fitness center surfaces in a U.S. metropolitan area","International Journal of Environmental Research and Public Health",2014,"Microbiome and environment","Bacterial","swab","No",NA,NA,"No","Yes","furniture surfaces","No","USA","Cross-sectional","Descriptive",NA,NA,NA,NA,NA,"Yes","Uninformed","sport","No","No",NA,"16S V1-V3 (illumina MiSeq)",NA,"mukherjee2014a"
130,"Microbial content of household dust associated with exhaled NO in asthmatic children","Environment International",2013,"Microbiome, environment and allergy","Fungal","vacuum","No",0,NA,"Yes","Yes","building condition, pets, smoking, mold, endotoxin, dog allergen, cat allergen, mite allergen","No","USA","Cross-sectional","Causal","microbiome","streptomyces, mold content","allergies","eNO levels in children according to asthma status",NA,"Yes","beta-coefficient","dwelling","No","No",NA,NA,NA,"johansson2013a"
131,"A Unique Signal Distorts the Perception of Species Richness and Composition in High-Throughput Sequencing Surveys of Microbial Communities: a Case Study of Fungi in Indoor Dust","Microbial Ecology",2013,"Microbiome only","Fungal","petri","No",2.1,120,"No","No",NA,"No","USA","Cross-sectional","Descriptive",NA,NA,NA,NA,NA,"No","Not applicable","laboratory","No","Yes","Raw pyrosequences were submitted to the Sequence Read Archive of the National Center for Biotechnology Information under accession number SRP018151.",NA,"ITS1 (pyrosequencing)","adams2013b"
132,"Environmental bacteria and childhood asthma","Allergy",2012,"Microbiome and allergy","Bacterial","vacuum","No",NA,NA,"Yes","No",NA,"No","Germany","Cross-sectional","Causal","microbiome",NA,"allergies","asthma, hay fever, and atopy",NA,"Yes","p-value or model-based","dwelling","No","No",NA,NA,NA,"ege2012a"
133,"Molecular profiling of fungal communities in moisture damaged buildings before and after remediation: a comparison of culture-dependent and culture-independent methods","BMC Microbiology",2011,"Microbiome and environment","Fungal","vacuum","No",NA,30,"No","Yes","moisture damage","No","Finland","Experimental","Descriptive",NA,NA,NA,NA,NA,"No","Not applicable","dwelling","No","Yes","Representative DNA sequences of
recovered fungi were submitted to the EMBL Nucleotide Sequence Database [58] and assigned accession numbers FR718449-718487 and FR682142-682466 for cultivated strains and clone library phylotypes, respectively.",NA,NA,"pitkaeranta2011a"
134,"Exposure to Environmental Microorganisms and Childhood Asthma","NEJM",2011,"Microbiome, environment and allergy","Bacterial and Fungal","EDC, vacuum","Yes",NA,NA,"Yes","Yes","living on farm","Yes","Germany, Switzerland, Austria, Poland","Cross-sectional","Causal","microbiome","diversity","allergies","asthma, atopy",NA,"Yes","beta-coefficient","dwelling","No","No",NA,NA,NA,"ege2011a"
135,"Evaluation of HVAC filters as a sampling mechanism for indoor microbial communities","Atmospheric Environment",2011,"Microbiome and environment","Bacterial","vacuum, HVAC, active-sampler","Yes",NA,NA,"No","Yes","number of occupants","No","USA","Case report","Descriptive",NA,NA,NA,NA,NA,"No","Not applicable","dwelling","Yes","Yes","The nonredundant sequences were deposited at the GenBank database with accession number GU595461eGU596375 for the bacterial clones and GU721174eGU722092 for the fungal clones.",NA,NA,"noris2011a"
136,"Indoor fungal composition is geographically patterned and more diverse in temperate zones than in the tropics.","PNAS",2010,"Microbiome and environment","Fungal","vacuum","No",NA,NA,"No","Yes","distance from the Equator, meteorological conditions, temperature, geographical location","Yes","Canada, USA, United Kingdom, Netherlands, Mexico, Micronesia, Indonesia, South Africa, Uruguay, Australia","Cross-sectional","Descriptive",NA,NA,NA,NA,NA,"Yes","Uninformed","store, office, dwelling, church","No","Yes","Raw sequence data have been deposited in NCBI’s sequence read archive under accession nos. SRS010093 and SRS010094 (ITS and LSU sequences, respectively).",NA,"ITS (454 GS FLX)","amend2010a"
137,"Environmental Determinants of and Impact on Childhood Asthma by the Bacterial Community in Household Dust","Applied and Environmental Microbiology",2010,"Microbiome, environment and allergy","Bacterial","vacuum","No",NA,NA,"Yes","Yes","dog, cat, building condition","No","USA","Cohort","Descriptive","microbiome","bacterial community structure","allergies","asthma",NA,"Yes","Confounding seldom considered","dwelling","No","No",NA,"16S V7-V8 (DDGE)",NA,"maier2010a"
138,"Diversity and seasonal dynamics of bacterial community in indoor environment","BMC Microbiology",2008,"Microbiome and environment","Bacterial","vacuum","No",NA,4,"No","Yes","season","No","Finland","Case report","Descriptive",NA,NA,NA,NA,NA,"Yes","Confounding seldom considered","office","No","Yes","All of the sequences have been submitted to the European
Molecular Biology Laboratory (EMBL) sequence database.
The accession numbers are the following; sequences from
Building 1, winter sample (clones BF0001A001-102):
AM696714–AM696815, Building 2, winter sample
(clones BF0002A001-159): AM696816–AM696974,
Building 1, spring sample (clones BF0001B001-76):
AM696975–AM697050, Building 2, spring sample
(clones BF0002B001-109): AM697051–AM697159,
Building 1, summer sample (clones BF0001C001-144):
AM697160–AM697303, Building 2, summer sample
(clones BF0002C001-82): AM697304–AM697385, Build-
ing 1, fall sample (clones BF0001D001-104):
AM697386–AM697489, Building 2, fall sample (clones
BF0002D001-117): AM697490–AM697606.","16S V1-V2 (ABI 3700 DNA analyzer)",NA,"rintala2008a"
139,"Microbiological characterization of 3193 French dwellings of Elfe cohort children","Science of the Total Environment",2015,"Microbiome and environment","Bacterial, Fungal and other","EDC","No",2,60,"Yes","Yes","building type, size of indoor environment, number of rooms, occupants, number of windows, floor level, pets, cat, dog, birds, rodents, floor material, insecticide use, plants","No","France","Cross-sectional","Descriptive",NA,NA,NA,NA,NA,"Yes","p-value or model-based","dwelling","No","No",NA,NA,NA,"rocchi2015a"
140,"Pig Farmers’ Homes Harbor More Diverse Airborne Bacterial Communities Than Pig Stables or Suburban Homes","Frontiers in Microbiology",2018,"Microbiome and environment","Bacterial","EDC","No",1.5,14,"No","Yes","urbanicity, farmer, type of farming, season","No","Denmark","Cohort","Descriptive",NA,NA,NA,NA,"Also included pig stables","Yes","Confounding seldom considered","dwelling","No","Yes","MiSeq-derived sequences used in this study have been deposited in the NCBI sequence read archive (SRA) under study number SRP124427.","16S V3-V4 (illumina MiSeq)",NA,"vestergaard2018a"
141,"International Space Station environmental microbiome — microbial inventories of ISS filter debris","Applied Microbiology and Biotechnology",2014,"Microbiome only","Bacterial and Fungal","vacuum","No",NA,NA,"No","No",NA,"ISS",NA,"Cross-sectional","Descriptive",NA,NA,NA,NA,NA,"No","Not applicable","space station","No","Yes","Both bacterial and fungal pyrosequences were deposited in NCBI Sequence Read Archive (SRA) and the accession number is SRP035601.","16S V3-V4 (illumina MiSeq), 16S V3-V5 (pyrosequencing)","ITS1 (pyrosequencing)","venkateswaran2014a"
142,"Bacterial Diversity in House Dust: Characterization of a Core Indoor Microbiome","Frontiers in Environmental Science",2021,"Microbiome only","Bacterial","vacuum","No",NA,NA,"No","No",NA,"Yes","United Kingdom, Greece","Cross-sectional","Descriptive",NA,NA,NA,NA,NA,"No","Not applicable","dwelling","No","Yes","The sequencing data that support the ﬁndings of this study are openly available (as raw fastq ﬁles: Target_gene 16S and Target_subfragment V4) from the European Nucleotide Archive via the study accession PRJEB46920 (individual sample accession numbers ERX6130460 to ERX6130493). URL: https://www.ebi.ac.uk/ena/browser/view/PRJEB46920.","16S V4 (illumina MiSeq)",NA,"thompson2021a"
143,"Walls talk: Microbial biogeography of homes spanning urbanization","Science Advances",2016,"Microbiome and environment","Bacterial","swab","No",NA,NA,"No","Yes","urbanicity, building architecture, size of indoor environment, proportion of apertures, building orientation, occupant density, privacy index, temperature, humidity, floor material, wall surface type, cleaning frequency, pets, light, temperature, ventilation","Yes","Peru, Brazil","Cross-sectional","Descriptive",NA,NA,NA,NA,NA,"Yes","Uninformed","dwelling","No","Yes","Additional data related to this paper may be requested from the authors and/or http://qiita.ucsd.edu/study/description/10333.","16S V3-V4 (illumina HiSeq)",NA,"ruiz-calderon2016a"
144,"Home Life: Factors Structuring the Bacterial Diversity Found within and between Homes","PloS One",2013,"Microbiome, environment and allergy","Bacterial","swab","No",NA,NA,"Yes","Yes","number of inhabitants, children, dog, cat, pesticides, floor type, location in building","No","USA","Cross-sectional","Descriptive",NA,NA,NA,NA,NA,"Yes","Uninformed","dwelling","No","Yes","Data have now been deposited online at figshare (http://dx.doi.org/10.6084/m9.figshare.674588).","16S V3-V4 (illumina MiSeq)",NA,"dunn2013a"
